{"cameraMode":{"drawMode":0,"name":"Shaded","section":"Shading Mode"},"sceneLighting":true,"audioPlay":false,"sceneViewState":{"showFog":true,"showMaterialUpdate":false,"showSkybox":true,"showFlares":true,"showImageEffects":true,"showParticleSystems":true},"in2DMode":false,"pivot":{"x":4.032841682434082,"y":-0.5159866809844971,"z":6.135706901550293},"rotation":{"x":-0.07792932540178299,"y":-0.005386433098465204,"z":0.00042102907900698483,"w":-0.9969446063041687},"size":11.411872863769532,"orthographic":false}